blockgroup_id,total_pop,white_pop,black_pop,hispanic_pop,median_income,poverty_count,total_arrests,unique_individuals,county_check,discretionary_arrests,discretionary_per_1000,total_per_1000,unique_per_1000,cumulative_pop,cumulative_pop_pct,policing_category
450190039003,28,21,7,0,-666666666,,210,84,019,60.0,2142.8571428571427,7500.0,3000.0,28,0.0045558457195388835,Ultra-Policed
450190037001,801,209,571,79,34643,,985,208,019,527.0,657.9275905118602,1229.712858926342,259.6754057428215,829,0.13488557505349053,Ultra-Policed
450190038001,1106,65,1013,3,43462,,1329,290,019,654.0,591.3200723327305,1201.627486437613,262.2061482820977,1935,0.3148414809752764,Ultra-Policed
450190040001,694,77,600,24,24327,,759,135,019,400.0,576.3688760806916,1093.6599423631123,194.52449567723343,2629,0.4277613713095616,Ultra-Policed
450190043001,304,58,246,49,-666666666,,382,113,019,166.0,546.0526315789474,1256.578947368421,371.7105263157895,2933,0.47722483912169805,Ultra-Policed
450190055002,527,77,450,0,26042,,668,175,019,267.0,506.64136622390885,1267.5521821631878,332.0683111954459,3460,0.5629723639144477,Ultra-Policed
450190053002,722,257,434,43,18672,,632,250,019,315.0,436.28808864265926,875.3462603878116,346.26038781163436,4182,0.6804480999682717,Ultra-Policed
450190033004,1373,138,1235,62,42115,,1202,214,019,579.0,421.70429715950473,875.455207574654,155.86307356154404,5555,0.9038472490013749,Ultra-Policed
450190031112,616,85,444,87,-666666666,,410,111,019,224.0,363.6363636363636,665.5844155844156,180.19480519480518,6171,1.0040758548312303,Ultra-Policed
450150207122,1888,1765,18,28,42361,,1069,190,015,666.0,352.7542372881356,566.207627118644,100.63559322033898,8059,1.3112700233487093,Ultra-Policed
450190033003,532,249,279,48,20610,,712,209,019,187.0,351.50375939849624,1338.345864661654,392.85714285714283,8591,1.3978310920199482,Ultra-Policed
450190053003,684,5,679,0,18696,,612,199,019,228.0,333.3333333333333,894.7368421052631,290.93567251461985,9275,1.509123894597255,Ultra-Policed
450150202011,1501,563,925,3,32500,,946,178,015,488.0,325.1165889407062,630.2465023317789,118.58760826115923,10776,1.7533497669196787,Ultra-Policed
450190043003,971,44,823,0,18250,,755,231,019,293.0,301.750772399588,777.5489186405767,237.89907312049434,11747,1.9113399881222595,Ultra-Policed
450190055001,970,96,798,15,25896,,774,241,019,289.0,297.9381443298969,797.938144329897,248.4536082474227,12717,2.069167500549142,Ultra-Policed
450190043004,857,72,785,26,23462,,658,188,019,248.0,289.3815635939323,767.7946324387398,219.3698949824971,13574,2.2086089213221713,Ultra-Policed
450190031063,2707,1314,1109,85,43434,,1658,333,019,780.0,288.14185445142226,612.4861470262283,123.01440709272258,16281,2.649061577136163,Ultra-Policed
450150208092,472,388,0,22,49583,,342,55,015,134.0,283.8983050847458,724.5762711864406,116.52542372881355,16753,2.7258601192655325,Ultra-Policed
450190034003,820,218,526,198,20441,,566,143,019,207.0,252.4390243902439,690.2439024390243,174.390243902439,17573,2.8592813153377428,Ultra-Policed
450190038002,633,182,451,128,12132,,569,170,019,158.0,249.60505529225907,898.8941548183254,268.56240126382306,18206,2.9622759703544608,Ultra-Policed
450190040002,539,27,481,0,21827,,366,110,019,126.0,233.76623376623377,679.0352504638219,204.08163265306123,18745,3.0499760004555845,Ultra-Policed
450190033001,535,220,291,24,23971,,334,88,019,120.0,224.29906542056074,624.2990654205609,164.48598130841123,19280,3.1370251954539166,Ultra-Policed
450190034002,1083,375,428,505,35256,,595,175,019,242.0,223.45337026777472,549.3998153277931,161.5881809787627,20363,3.313238799534653,Ultra-Policed
450190031072,535,206,292,37,86607,,259,55,019,119.0,222.42990654205607,484.11214953271025,102.80373831775701,20898,3.400287994532985,Ultra-Policed
450190009001,308,160,148,0,38542,,242,88,019,66.0,214.28571428571428,785.7142857142857,285.7142857142857,21206,3.450402297447913,Ultra-Policed
450190031111,1214,462,752,235,37676,,675,204,019,251.0,206.75453047775946,556.013179571664,168.03953871499178,22420,3.6479307511450627,Ultra-Policed
450150207182,1283,995,154,20,66607,,598,146,015,262.0,204.20888542478565,466.0950896336711,113.79579111457522,23703,3.856686110365363,Ultra-Policed
450190026053,811,381,367,10,46583,,441,89,019,161.0,198.52034525277435,543.7731196054254,109.74106041923551,24514,3.9886429274562922,Ultra-Policed
450190043002,601,110,491,0,29375,,421,129,019,117.0,194.67554076539102,700.4991680532446,214.64226289517472,25115,4.08643090165068,Ultra-Policed
450190031042,1960,839,969,529,27315,,879,295,019,366.0,186.73469387755102,448.46938775510205,150.51020408163265,27075,4.405340102018402,Ultra-Policed
450150207161,1556,1174,199,238,72961,,504,129,015,280.0,179.94858611825194,323.90745501285346,82.90488431876607,28631,4.658514957004206,Ultra-Policed
450190054001,801,17,784,0,29028,,443,132,019,143.0,178.52684144818974,553.0586766541822,164.7940074906367,29432,4.788844686338158,Ultra-Policed
450190044002,1291,248,1022,93,30045,,737,206,019,230.0,178.15646785437644,570.875290472502,159.5662277304415,30723,4.99890171576404,Ultra-Policed
450190037003,464,86,378,0,-666666666,,185,69,019,81.0,174.5689655172414,398.7068965517241,148.70689655172416,31187,5.074398587687827,Ultra-Policed
450190031052,2200,980,757,890,31750,,901,200,019,376.0,170.9090909090909,409.54545454545456,90.9090909090909,33387,5.432357894223025,Ultra-Policed
450150207121,1451,1358,30,179,54199,,507,130,015,245.0,168.84906960716748,349.41419710544454,89.5933838731909,34838,5.668448327760558,Ultra-Policed
450190028012,1206,1068,117,96,71111,,275,55,019,199.0,165.00829187396351,228.02653399668324,45.60530679933665,36044,5.864675111252125,Ultra-Policed
450190025021,601,331,270,0,38723,,297,82,019,99.0,164.72545757071546,494.1763727121464,136.43926788685522,36645,5.9624630854465135,Ultra-Policed
450190034001,641,250,364,113,17470,,307,115,019,105.0,163.8065522620905,478.9391575663027,179.4071762870515,37286,6.066759410668814,Ultra-Policed
450150207072,2018,1515,250,232,58352,,594,120,015,320.0,158.57284440039643,294.3508424182359,59.46481665014866,39304,6.39510572002701,Ultra-Policed
450190027024,1408,631,776,13,24815,,608,155,019,223.0,158.3806818181818,431.8181818181818,110.08522727272728,40712,6.624199676209537,Ultra-Policed
450190025024,594,349,240,5,54167,,207,71,019,92.0,154.88215488215488,348.4848484848485,119.52861952861953,41306,6.720848688974041,Highly Policed
450150206005,1213,935,233,0,39500,,337,90,015,184.0,151.69002473206925,277.82357790601816,74.1962077493817,42519,6.918214433895492,Highly Policed
450190040003,1616,136,1376,130,34081,,838,257,019,245.0,151.6089108910891,518.5643564356436,159.03465346534654,44135,7.181151815423164,Highly Policed
450190027023,1114,247,867,15,26289,,417,98,019,166.0,149.0125673249551,374.326750448833,87.97127468581688,45249,7.362409391550533,Highly Policed
450150207173,1546,1060,290,278,59886,,331,57,015,215.0,139.0685640362225,214.10090556274255,36.86934023285899,46795,7.613957158779358,Highly Policed
450190011003,1258,166,1065,0,11331,,456,155,019,174.0,138.31478537360888,362.48012718600955,123.2114467408585,48053,7.818644798607213,Highly Policed
450190046091,612,230,382,0,61500,,155,45,019,84.0,137.25490196078434,253.26797385620915,73.52941176470588,48665,7.918222569334277,Highly Policed
450190009002,1096,486,605,20,64076,,450,133,019,146.0,133.2116788321168,410.5839416058394,121.35036496350365,49761,8.096551387499085,Highly Policed
450190020032,792,232,497,0,97045,,314,100,019,105.0,132.57575757575756,396.4646464646465,126.26262626262627,50553,8.225416737851756,Highly Policed
450190033002,1919,511,1267,536,24766,,597,175,019,252.0,131.31839499739448,311.09953100573216,91.19332985930171,52472,8.537654878415868,Highly Policed
450190053001,1853,871,943,33,57500,,665,209,019,242.0,130.5990286022666,358.87749595250943,112.79007015650296,54325,8.839154239783923,Highly Policed
450150207171,2047,1079,583,229,50538,,564,168,015,265.0,129.45774303859307,275.5251587689301,82.07132388861748,56372,9.172219103637355,Highly Policed
450150205042,1689,850,758,8,65536,,423,85,015,217.0,128.47838957963293,250.44404973357015,50.32563647128478,58061,9.447034225790969,Highly Policed
450190026041,911,652,192,0,67167,,186,53,019,117.0,128.43029637760702,204.17124039517014,58.177826564215145,58972,9.59526192045168,Highly Policed
450190051001,532,249,172,147,23293,,208,72,019,68.0,127.81954887218045,390.97744360902254,135.33834586466165,59504,9.681822989122917,Highly Policed
450190010001,1094,759,310,11,40893,,268,98,019,138.0,126.14259597806216,244.9725776965265,89.57952468007313,60598,9.85982638973633,Highly Policed
450150207073,2057,1190,791,79,56818,,466,107,015,259.0,125.91152163344677,226.54350996596986,52.01750121536218,62655,10.194518341346742,Highly Policed
450190054002,1056,5,1044,0,11676,,444,148,019,131.0,124.0530303030303,420.4545454545455,140.15151515151513,63711,10.366338808483636,Highly Policed
450150210003,1480,1056,205,354,54821,,477,148,015,182.0,122.97297297297298,322.2972972972973,100.0,65191,10.607147796516406,Highly Policed
450150205041,1956,817,1103,36,46356,,571,140,015,239.0,122.1881390593047,291.92229038854805,71.57464212678937,67147,10.925406161781336,Highly Policed
450150208091,478,409,69,9,47454,,151,43,015,58.0,121.33891213389121,315.8995815899582,89.9581589958159,67625,11.003180956564892,Highly Policed
450190020062,1331,680,627,0,51071,,485,117,019,161.0,120.96168294515402,364.3876784372652,87.9038317054846,68956,11.219746337018686,Highly Policed
450150210002,709,622,87,0,30197,,260,92,015,85.0,119.88716502115655,366.71368124118476,129.7602256699577,69665,11.33510685898844,Highly Policed
450190044001,985,248,737,6,27188,,497,121,019,118.0,119.79695431472082,504.5685279187817,122.84263959390863,70650,11.495375003050789,Highly Policed
450150205032,2285,1594,565,0,50203,,686,155,015,267.0,116.84901531728666,300.218818380744,67.83369803063458,72935,11.8671645555203,Highly Policed
450190054003,757,389,351,23,59000,,239,101,019,87.0,114.92734478203434,315.71994715984147,133.4214002642008,73692,11.99033509872355,Highly Policed
450190038003,2035,307,1678,36,49115,,661,148,019,233.0,114.4963144963145,324.8157248157248,72.72727272727272,75727,12.321447457268608,Highly Policed
450150202012,2175,1117,1023,51,29904,,604,154,015,248.0,114.02298850574714,277.7011494252873,70.80459770114943,77902,12.67533904441136,Highly Policed
450190019012,773,735,18,0,95179,,103,18,019,88.0,113.84217335058216,133.2470892626132,23.28589909443726,78675,12.801112928025773,Highly Policed
450190031132,1765,662,800,239,41919,,578,174,019,197.0,111.61473087818696,327.47875354107646,98.58356940509914,80440,13.088293917132422,Highly Policed
450190027012,1053,334,674,5,54453,,440,119,019,117.0,111.1111111111111,417.8537511870845,113.01044634377968,81493,13.259626257942223,Highly Policed
450150205063,1966,1574,392,21,66793,,598,168,015,217.0,110.37639877924721,304.1709053916582,85.45269582909461,83459,13.579511710964132,Highly Policed
450190016002,1090,697,346,76,76364,,286,52,019,120.0,110.09174311926606,262.38532110091745,47.706422018348626,84549,13.75686427647475,Highly Policed
450150203012,1485,1361,0,16,55040,,399,88,015,161.0,108.41750841750842,268.6868686868687,59.25925925925926,86034,13.99848680838601,Highly Policed
450190031152,1117,606,231,61,41979,,366,108,019,121.0,108.32587287376901,327.6633840644584,96.68755595344673,87151,14.18023251084047,Highly Policed
450190031041,3039,1313,891,1544,24794,,798,236,019,327.0,107.60118460019744,262.58637709772955,77.65712405396512,90190,14.674704480186138,Highly Policed
450190026052,587,231,356,4,37321,,233,61,019,62.0,105.62180579216354,396.93356047700166,103.91822827938671,90777,14.77021453152076,Highly Policed
450150204051,3405,1327,2024,14,56813,,782,184,015,354.0,103.9647577092511,229.66226138032306,54.03817914831131,94182,15.324237912771826,Highly Policed
450190015001,1020,450,562,25,63750,,229,72,019,105.0,102.94117647058823,224.50980392156865,70.58823529411765,95202,15.490200863983599,Highly Policed
450150208061,2581,1221,919,417,52176,,691,180,015,262.0,101.51104223169315,267.7256877179388,69.74041069352964,97783,15.910152214059664,Highly Policed
450190036001,785,488,188,113,53388,,194,72,019,79.0,100.63694267515925,247.13375796178343,91.71974522292993,98568,16.037878602982452,Highly Policed
450150203024,2239,2152,38,2,49316,,459,138,015,223.0,99.59803483698079,205.00223313979455,61.63465832961143,100807,16.402183551769863,Highly Policed
450190029001,1072,509,563,0,44360,,279,71,019,106.0,98.88059701492537,260.26119402985074,66.23134328358209,101879,16.576607359317926,Highly Policed
450150205031,772,424,331,17,42431,,220,80,015,76.0,98.44559585492229,284.9740932642487,103.62694300518135,102651,16.70221853415664,Highly Policed
450190015002,441,256,173,7,44531,,139,51,019,43.0,97.50566893424038,315.19274376417235,115.64625850340137,103092,16.773973104239374,Highly Policed
450150204012,2329,1602,656,65,43424,,508,118,015,227.0,97.46672391584372,218.11936453413483,50.6655216831258,105421,17.152921842839593,Highly Policed
450190031092,2145,1074,833,87,46111,,628,158,019,209.0,97.43589743589743,292.7738927738928,73.65967365967366,107566,17.501932166711413,Highly Policed
450150209012,1294,839,345,200,42955,,258,91,015,126.0,97.3724884080371,199.38176197836165,70.32457496136011,108860,17.712477322464387,Highly Policed
450190027011,1440,554,864,146,33047,,372,109,019,139.0,96.52777777777779,258.33333333333337,75.69444444444444,110300,17.946777959469244,Highly Policed
450190027021,1919,737,1174,58,34700,,575,207,019,184.0,95.88327253778009,299.6352266805628,107.8686816050026,112219,18.259016100033353,Highly Policed
450190026121,1797,631,1140,23,54817,,440,114,019,172.0,95.71508069003895,244.85253199777407,63.439065108514185,114016,18.55140376996233,Highly Policed
450190034004,2155,803,1308,298,31458,,695,264,019,202.0,93.73549883990718,322.5058004640371,122.50580046403712,116171,18.902041181591127,Highly Policed
450190050001,1054,345,709,35,52261,,249,68,019,98.0,92.97912713472485,236.2428842504744,64.51612903225806,117225,19.07353623117663,Highly Policed
450150208112,918,648,160,57,71435,,125,24,015,85.0,92.59259259259258,136.16557734204792,26.143790849673202,118143,19.222902887267225,Highly Policed
450150202022,482,278,176,28,51364,,124,46,015,44.0,91.2863070539419,257.26141078838174,95.43568464730289,118625,19.301328517153575,Highly Policed
450190031103,1934,1438,495,804,28940,,610,203,019,175.0,90.4860392967942,315.4084798345398,104.96380558428129,120559,19.616007289353153,Highly Policed
450150207221,1459,1141,265,56,92237,,204,33,015,132.0,90.47292666209734,139.82179575051404,22.618231665524334,122018,19.853399393096264,Highly Policed
450150207211,3299,2389,545,184,103194,,494,97,015,296.0,89.72415883601091,149.7423461655047,29.402849348287358,125317,20.390175644123364,Highly Policed
450150204011,1768,670,992,55,31406,,410,109,015,154.0,87.10407239819004,231.9004524886878,61.651583710407245,127085,20.677844759557107,Highly Policed
450150207231,1975,1507,161,299,46914,,431,116,015,172.0,87.0886075949367,218.22784810126583,58.734177215189874,129060,20.999194591560297,Highly Policed
450150207163,1563,1432,109,0,64016,,335,101,015,136.0,87.01215611004478,214.3314139475368,64.61932181701856,130623,21.253508407975986,Highly Policed
450150208093,2515,1266,774,325,50932,,634,160,015,218.0,86.67992047713717,252.08747514910533,63.6182902584493,133138,21.662720978855994,Highly Policed
450150209011,683,527,124,49,44219,,189,55,015,59.0,86.38360175695462,276.72035139092236,80.52708638360176,133821,21.773851072657603,Highly Policed
450190024003,1280,762,510,15,46641,,382,113,019,110.0,85.9375,298.4375,88.28125,135101,21.98211830555081,Highly Policed
450190036002,1178,912,223,89,52163,,285,109,019,100.0,84.88964346349745,241.93548387096774,92.52971137521223,136279,22.17378924332284,Highly Policed
450150203022,1122,856,139,5,60703,,263,80,015,95.0,84.67023172905526,234.40285204991088,71.301247771836,137401,22.35634848965579,Normally Policed
450150203023,1069,705,209,155,47276,,259,73,015,89.0,83.2553788587465,242.2825070159027,68.28811973807298,138470,22.530284170876758,Normally Policed
450190037002,2328,364,1898,44,23173,,713,251,019,192.0,82.47422680412372,306.27147766323026,107.81786941580756,140798,22.909070200701276,Normally Policed
450190029003,659,291,368,0,88750,,145,37,019,54.0,81.9423368740516,220.03034901365706,56.14567526555387,141457,23.016295283886137,Normally Policed
450150207141,1372,732,584,0,92833,,354,106,015,111.0,80.90379008746355,258.01749271137027,77.25947521865889,142829,23.239531724143543,Normally Policed
450150207151,2530,1667,703,225,47412,,453,143,015,203.0,80.23715415019763,179.05138339920947,56.52173913043478,145359,23.65118492665902,Normally Policed
450150203011,2058,1573,434,0,49844,,477,84,015,163.0,79.20310981535471,231.77842565597666,40.816326530612244,147417,23.986039587045127,Normally Policed
450150201012,1931,1034,890,13,36250,,480,142,015,151.0,78.19782496116002,248.57586742620404,73.5370274469187,149348,24.300230232917613,Normally Policed
450150207172,1800,1261,466,39,48438,,461,130,015,140.0,77.77777777777779,256.11111111111114,72.22222222222221,151148,24.593106029173683,Normally Policed
450150205062,1480,661,782,20,31563,,415,145,015,114.0,77.02702702702703,280.4054054054054,97.97297297297297,152628,24.833915017206454,Normally Policed
450150208081,4207,1951,1438,549,60750,,931,253,015,323.0,76.77680057047777,221.29783693843595,60.1378654623247,156835,25.51843083656717,Normally Policed
450190031113,1409,382,914,101,33281,,413,127,019,108.0,76.65010645848119,293.11568488289566,90.13484740951029,158244,25.747687501525395,Normally Policed
450190031062,1167,635,494,0,29720,,241,89,019,89.0,76.26392459297342,206.51242502142244,76.26392459297342,159411,25.937568642764745,Normally Policed
450150207183,1880,994,380,361,36500,,326,112,015,142.0,75.53191489361701,173.40425531914894,59.57446808510639,161291,26.243461141076647,Normally Policed
450190021032,1207,835,372,72,56625,,294,72,019,91.0,75.39353769676885,243.5791217895609,59.65202982601491,162498,26.43985063334391,Normally Policed
450150201022,1475,886,589,81,57083,,371,78,015,109.0,73.89830508474576,251.52542372881354,52.88135593220339,163973,26.679846077498187,Normally Policed
450190011002,604,397,207,0,59766,,162,65,019,44.0,72.8476821192053,268.2119205298013,107.6158940397351,164577,26.77812217801967,Normally Policed
450190021031,2311,1411,885,148,56317,,515,132,019,166.0,71.83037646040675,222.84725227174386,57.11813067935959,166888,27.15414215865733,Normally Policed
450150207101,2063,893,1049,35,38932,,335,73,015,148.0,71.74018419777025,162.38487639360156,35.38536112457586,168951,27.489810362921922,Normally Policed
450190031081,3784,1097,2253,302,40295,,904,263,019,270.0,71.35306553911205,238.90063424947147,69.50317124735729,172735,28.105500370162467,Normally Policed
450190031104,1659,835,666,158,27339,,347,121,019,117.0,70.5244122965642,209.16214587100663,72.93550331525014,174394,28.375434229045144,Normally Policed
450150205043,801,362,417,0,42500,,158,58,015,56.0,69.91260923845194,197.2534332084894,72.40948813982521,175195,28.50576395837909,Normally Policed
450150203021,2306,817,1418,0,54827,,486,142,015,161.0,69.81786643538595,210.75455333911535,61.57849089332177,177501,28.880970395138263,Normally Policed
450150207071,2810,2020,688,124,87072,,494,124,015,193.0,68.68327402135232,175.80071174377224,44.128113879003564,180311,29.338182054849128,Normally Policed
450190026112,573,410,163,2,61106,,104,36,019,39.0,68.06282722513089,181.50087260034903,62.82722513089005,180884,29.43141418332398,Normally Policed
450150201021,1511,861,573,0,46324,,318,88,015,102.0,67.50496360026473,210.45665122435472,58.23957643944408,182395,29.67726714340338,Normally Policed
450190021013,1537,886,503,0,77653,,226,65,019,103.0,67.01366297983084,147.03968770331815,42.29017566688354,183932,29.927350531650927,Normally Policed
450190031051,2181,1032,850,1065,24940,,495,156,019,145.0,66.48326455754241,226.9601100412655,71.52682255845941,186113,30.28221837144787,Normally Policed
450190001001,707,565,142,7,104531,,120,43,019,47.0,66.47807637906648,169.73125884016974,60.820367751060814,186820,30.397253475866222,Normally Policed
450190031101,2577,1393,985,138,32212,,462,168,019,171.0,66.35622817229336,179.27823050058205,65.19208381839347,189397,30.816553990839495,Normally Policed
450150207152,2002,1517,379,43,61307,,319,91,015,132.0,65.93406593406594,159.34065934065933,45.45454545454545,191399,31.142296959786524,Normally Policed
450190026142,1047,583,438,24,42171,,209,60,019,69.0,65.9025787965616,199.61795606494746,57.30659025787966,192446,31.312653047942142,Normally Policed
450150208062,1339,821,455,83,43235,,233,79,015,88.0,65.72068707991038,174.0104555638536,58.999253174010455,193785,31.530520098601517,Normally Policed
450150205051,4186,2294,1551,322,69327,,634,162,015,274.0,65.4562828475872,151.45723841376017,38.70043000477783,197971,32.211619033672584,Normally Policed
450190019011,1638,1400,185,31,97361,,220,62,019,105.0,64.1025641025641,134.31013431013432,37.85103785103785,199609,32.47813600826561,Normally Policed
450150207222,1035,927,45,0,76591,,117,28,015,66.0,63.768115942028984,113.04347826086956,27.05314009661836,200644,32.64653959111284,Normally Policed
450190024001,756,678,78,151,88750,,159,60,019,48.0,63.49206349206349,210.31746031746033,79.36507936507937,201400,32.769547425540395,Normally Policed
450150207192,2383,1896,282,398,72545,,299,49,015,150.0,62.94586655476291,125.47209399916073,20.562316407889217,203783,33.1572824380283,Normally Policed
450150208041,1865,917,557,273,53397,,412,151,015,117.0,62.73458445040214,220.91152815013405,80.96514745308312,205648,33.46073430470472,Normally Policed
450190020041,782,782,0,0,66719,,68,32,019,49.0,62.65984654731457,86.95652173913044,40.92071611253197,206430,33.58797256730042,Normally Policed
450190025023,2430,1589,630,53,85536,,277,80,019,152.0,62.55144032921811,113.9917695473251,32.92181069958848,208860,33.98335489224611,Normally Policed
450190007001,1595,1180,336,53,23875,,165,54,019,99.0,62.06896551724138,103.44827586206897,33.85579937304075,210455,34.242875389484134,Normally Policed
450150207143,1884,1339,496,20,87396,,374,84,015,115.0,61.040339702760086,198.51380042462847,44.58598726114649,212339,34.549418722898814,Normally Policed
450190046102,1540,1154,355,0,90625,,294,72,019,94.0,61.03896103896104,190.9090909090909,46.753246753246756,213879,34.79999023747346,Normally Policed
450190050002,1446,916,478,0,68333,,240,76,019,88.0,60.85753803596127,165.97510373443984,52.55878284923928,215325,35.0352671271325,Normally Policed
450190002001,613,585,19,5,155625,,51,20,019,37.0,60.35889070146819,83.19738988580751,32.62642740619902,215938,35.13500760663526,Normally Policed
450150205033,1767,1625,81,22,97200,,242,77,015,106.0,59.98868138087153,136.95529145444254,43.57668364459536,217705,35.4225140132933,Normally Policed
450150208042,618,466,152,5,40000,,86,37,015,37.0,59.8705501618123,139.15857605177996,59.8705501618123,218323,35.52306803667456,Normally Policed
450190046071,859,859,0,0,64295,,118,41,019,51.0,59.37136204889406,137.36903376018628,47.72991850989523,219182,35.662834874998985,Normally Policed
450190047012,1063,743,198,0,52583,,127,24,019,62.0,58.32549388523048,119.47318908748825,22.577610536218252,220245,35.83579430356576,Normally Policed
450190022001,1441,483,958,150,64395,,227,73,019,84.0,58.29285218598196,157.529493407356,50.65926439972242,221686,36.07025764934632,Normally Policed
450190021011,2951,2475,476,122,83073,,485,146,019,171.0,57.946458827516096,164.35106743476788,49.474754320569296,224637,36.55041124643058,Normally Policed
450190025022,1691,977,687,240,41250,,346,124,019,97.0,57.36250739207569,204.6126552335896,73.32939089296273,226328,36.825551786135584,Normally Policed
450190020022,1966,1239,600,43,63611,,257,95,019,111.0,56.459816887080365,130.72227873855545,48.32146490335707,228294,37.145437239157495,Normally Policed
450190031114,922,444,319,285,58555,,237,67,019,52.0,56.399132321041215,257.04989154013015,72.66811279826464,229216,37.29545473035088,Normally Policed
450150208111,3275,965,1373,547,33641,,538,191,015,179.0,54.65648854961832,164.27480916030535,58.3206106870229,232491,37.828325970761234,Normally Policed
450150207131,4019,2873,475,269,76750,,455,168,015,211.0,52.5006220452849,113.21224185120677,41.801443145060965,236510,38.48225254029076,Normally Policed
450190024002,2813,415,2373,8,38050,,551,156,019,145.0,51.546391752577314,195.8762886597938,55.45680767863491,239323,38.93995232632872,Normally Policed
450190021014,2448,2296,152,69,87786,,364,115,019,126.0,51.470588235294116,148.69281045751634,46.97712418300654,241771,39.33826340923698,Normally Policed
450150207181,2926,1516,1067,320,56907,,407,147,015,150.0,51.26452494873548,139.09774436090225,50.239234449760765,244697,39.81434928692879,Normally Policed
450150206002,1167,978,68,33,107629,,122,38,015,59.0,50.556983718937445,104.54155955441303,32.56212510711225,245864,40.00423042816814,Normally Policed
450150207232,1293,970,220,57,56141,,148,59,015,65.0,50.27068832173241,114.46249033255994,45.630317092034026,247157,40.21461287514542,Normally Policed
450190026051,2525,1517,811,146,51193,,291,99,019,126.0,49.9009900990099,115.24752475247526,39.20792079207921,249682,40.62545253378241,Normally Policed
450150209032,1718,1529,64,109,81029,,294,67,015,84.0,48.894062863795114,171.12922002328287,38.9988358556461,251400,40.90498621043126,Normally Policed
450190026111,2316,1973,263,37,55268,,219,83,019,113.0,48.79101899827289,94.55958549222798,35.83765112262521,253716,41.281819734947405,Normally Policed
450190025025,1950,655,1287,38,28267,,382,110,019,94.0,48.205128205128204,195.89743589743588,56.41025641025641,255666,41.599101847558146,Normally Policed
450190031102,581,168,267,24,46563,,82,29,019,28.0,48.19277108433735,141.13597246127367,49.91394148020654,256247,41.69363564623858,Normally Policed
450190027022,547,352,195,0,74809,,94,29,019,26.0,47.53199268738574,171.84643510054846,53.016453382084094,256794,41.782637346545286,Normally Policed
450190004001,1159,787,368,26,20588,,141,57,019,55.0,47.454702329594475,121.65660051768766,49.18032786885246,257953,41.971216817579055,Normally Policed
450190035002,1061,850,117,65,62798,,101,39,019,50.0,47.125353440150796,95.19321394910462,36.757775683317625,259014,42.143850828594445,Normally Policed
450150207162,5817,4127,1210,47,80319,,579,165,015,274.0,47.10331786144061,99.53584321815369,28.365136668385766,264831,43.090327776828644,Normally Policed
450190031153,4926,1372,3044,263,29890,,571,201,019,227.0,46.0820138043037,115.91555014210313,40.803897685749085,269757,43.89183120591609,Normally Policed
450150201011,1023,274,737,0,41801,,140,60,015,47.0,45.94330400782014,136.85239491691104,58.65102639296188,270780,44.05828228345496,Normally Policed
450190028013,1398,1108,139,9,86500,,145,58,019,64.0,45.779685264663804,103.71959942775393,41.48783977110158,272178,44.2857491518805,Normally Policed
450190046111,1726,1363,288,80,98209,,226,54,019,79.0,45.77056778679027,130.93858632676708,31.286210892236383,273904,44.56658449873494,Normally Policed
450150208113,816,364,333,46,41311,,148,49,015,37.0,45.34313725490196,181.37254901960785,60.04901960784314,274720,44.69935485970436,Normally Policed
450150206004,2527,2015,420,83,86250,,197,40,015,114.0,45.11278195488722,77.9580530273051,15.829046299960428,277247,45.11051993589274,Normally Policed
450190026125,1641,1043,472,72,48689,,249,114,019,74.0,45.09445460085314,151.7367458866545,69.46983546617916,278888,45.37752503681286,Normally Policed
450190028021,1159,1115,30,33,62314,,89,31,019,52.0,44.86626402070751,76.79033649698015,26.747195858498703,280047,45.56610450784663,Normally Policed
450190031071,1454,367,993,28,35596,,235,90,019,65.0,44.70426409903714,161.62310866574967,61.898211829436036,281501,45.80268306771126,Normally Policed
450190031131,1975,1141,472,171,48389,,335,98,019,88.0,44.55696202531646,169.62025316455694,49.620253164556964,283476,46.12403289971444,Normally Policed
450190020042,829,829,0,0,64706,,58,20,019,36.0,43.42581423401689,69.96381182147165,24.125452352231605,284305,46.25891847476794,Normally Policed
450190029002,1057,1025,0,13,63125,,94,42,019,45.0,42.57332071901608,88.93093661305582,39.735099337748345,285362,46.430901650680525,Normally Policed
450150207102,5285,3502,917,277,69950,,461,120,015,223.0,42.19489120151372,87.22800378429517,22.705771050141912,290647,47.290817530243494,Normally Policed
450150208071,8083,4768,2179,557,85297,,1053,308,015,341.0,42.187306693059504,130.27341333663244,38.1046641098602,298730,48.60599256420895,Normally Policed
450150205061,2276,1695,527,0,73750,,291,90,015,96.0,42.1792618629174,127.85588752196836,39.54305799648506,301006,48.97631773769719,Normally Policed
450190046114,1618,1427,0,27,84275,,145,48,019,68.0,42.027194066749075,89.6168108776267,29.66625463535229,302624,49.23958053677625,Normally Policed
450190020023,1796,1594,78,41,72068,,162,63,019,74.0,41.202672605790646,90.20044543429843,35.077951002227174,304420,49.53180549792953,Normally Policed
450190020021,2984,2606,136,0,79821,,214,88,019,120.0,40.21447721179624,71.71581769436997,29.490616621983914,307404,50.017328484611824,Normally Policed
450190021012,7071,5714,1213,615,75237,,800,231,019,275.0,38.891245934097014,113.13816999010041,32.66864658464149,314475,51.16784223757108,Normally Policed
450190026042,1893,1490,316,42,62437,,238,103,019,73.0,38.563127311146324,125.72636027469625,54.41098784997359,316368,51.475849949967056,Normally Policed
450150209042,2621,1882,10,362,82066,,164,47,015,101.0,38.53491033956505,62.57153758107592,17.932086989698586,318989,51.902309651071036,Normally Policed
450190047021,601,593,0,0,81597,,62,27,019,23.0,38.26955074875208,103.16139767054909,44.925124792013314,319590,52.00009762526542,Normally Policed
450150202023,2024,609,1406,0,32047,,260,83,015,77.0,38.04347826086957,128.45849802371544,41.00790513833992,321614,52.3294201872778,Normally Policed
450190058002,5234,3875,1101,321,72042,,463,126,019,198.0,37.82957585021016,88.460068781047,24.07336645013374,326848,53.18103791928017,Normally Policed
450190058001,1994,1436,435,119,59844,,226,79,019,75.0,37.61283851554664,113.34002006018054,39.61885656970913,328842,53.50547921802162,Normally Policed
450150209031,2105,1804,284,62,48083,,285,122,015,79.0,37.52969121140143,135.3919239904988,57.957244655581945,330947,53.84798119086553,Normally Policed
450190047013,564,524,40,0,113942,,33,13,019,21.0,37.234042553191486,58.51063829787234,23.04964539007092,331511,53.9397489403591,Normally Policed
450190020031,5258,3611,1490,38,58494,,504,159,019,195.0,37.08634461772537,95.85393685812096,30.239634842145303,336769,54.79527168297822,Normally Policed
450190046112,3664,3096,365,127,74079,,205,44,019,135.0,36.84497816593887,55.94978165938865,12.008733624454148,340433,55.39143663713503,Normally Policed
450190026134,2298,1742,288,121,40234,,191,78,019,84.0,36.55352480417755,83.11575282854656,33.942558746736296,342731,55.76534140368861,Normally Policed
450150207142,1894,1481,186,160,72014,,162,65,015,69.0,36.430834213305175,85.53326293558607,34.31890179514256,344625,56.073511824860276,Normally Policed
450190046113,2592,2401,162,15,100288,,248,98,019,94.0,36.26543209876543,95.67901234567901,37.808641975308646,347217,56.495252971469014,Normally Policed
450190022002,1469,744,715,37,53241,,135,53,019,53.0,36.07896528250511,91.89925119128658,36.07896528250511,348686,56.73427216296911,Normally Policed
450190026141,2472,1598,555,294,60694,,236,81,019,89.0,36.003236245954696,95.46925566343043,32.76699029126213,351158,57.13648825649411,Normally Policed
450190035001,1060,871,87,12,78500,,134,49,019,38.0,35.84905660377358,126.41509433962264,46.22641509433962,352218,57.3089595587338,Normally Policed
450190031073,3526,1475,1816,332,47675,,495,194,019,126.0,35.73454339194554,140.38570618264322,55.01985252410663,355744,57.882670701844305,Normally Policed
450190031091,1047,828,193,180,46607,,103,25,019,37.0,35.33906399235912,98.37631327602674,23.87774594078319,356791,58.05302678999992,Normally Policed
450150210001,3049,1548,706,702,41179,,286,120,015,107.0,35.093473269924566,93.80124631026567,39.35716628402755,359840,58.549125847102566,Normally Policed
450190046123,1296,1224,0,30,96719,,57,18,019,45.0,34.72222222222222,43.98148148148148,13.888888888888888,361136,58.759996420406935,Normally Policed
450190046064,1937,1865,35,86,136091,,142,55,019,67.0,34.58957150232318,73.309241094476,28.39442436757873,363073,59.07516331893361,Normally Policed
450190026132,1402,477,876,0,60858,,149,43,019,48.0,34.236804564907274,106.27674750356633,30.670470756062766,364475,59.30328102246195,Normally Policed
450150202021,1208,0,1208,0,43125,,169,57,015,41.0,33.94039735099338,139.90066225165563,47.185430463576154,365683,59.49983322350491,Normally Policed
450190046063,1749,1277,406,12,37667,,195,53,019,59.0,33.73356203544883,111.49228130360206,30.303030303030305,367432,59.78441087220039,Normally Policed
450150207191,5247,3722,1057,358,53764,,395,146,015,177.0,33.73356203544883,75.28111301696207,27.825424051839146,372679,60.638143818286835,Normally Policed
450190046124,2427,1882,505,160,68843,,222,80,019,81.0,33.374536464771325,91.47095179233622,32.96250515039143,375106,61.03303801690544,Normally Policed
450190019013,1981,1619,345,29,78158,,195,65,019,66.0,33.31650681474003,98.43513377082282,32.81171125694094,377087,61.35536410156281,Normally Policed
450190031141,4490,2506,1600,179,51838,,527,217,019,149.0,33.18485523385301,117.37193763919822,48.329621380846326,381577,62.08592650444602,Normally Policed
450150208101,4662,2608,1074,1038,59299,,523,165,015,153.0,32.818532818532816,112.18361218361218,35.39253539253539,386239,62.84447481674924,Normally Policed
450190047022,1900,1715,49,133,64018,,165,64,019,62.0,32.63157894736842,86.8421052631579,33.68421052631579,388139,63.1536214905751,Normally Policed
450190056003,2878,2523,75,183,70324,,210,73,019,91.0,31.61917998610146,72.9673384294649,25.364836692147325,391017,63.62189734703341,Normally Policed
450190028011,1964,1429,509,129,72788,,145,53,019,62.0,31.568228105906314,73.82892057026477,26.9857433808554,392981,63.94145738250393,Normally Policed
450190020033,3958,2858,1100,0,90439,,329,99,019,121.0,30.57099545224861,83.12278928751896,25.012632642748866,396939,64.58545871671588,Normally Policed
450190010002,1488,1147,268,0,51429,,128,50,019,45.0,30.241935483870968,86.0215053763441,33.60215053763441,398427,64.82756937495424,Normally Policed
450190056002,8622,5738,2343,631,85966,,555,167,019,259.0,30.039434006031083,64.37021572720947,19.36905590350267,407049,66.23044443902081,Normally Policed
450190031142,1500,942,277,22,71495,,192,53,019,44.0,29.333333333333332,128.0,35.333333333333336,408549,66.47450760256754,Normally Policed
450150206001,1712,1225,433,40,71058,,166,56,015,50.0,29.205607476635514,96.96261682242991,32.71028037383177,410261,66.75306502656221,Normally Policed
450190046061,2774,2375,304,50,95500,,235,78,019,81.0,29.19971160778659,84.71521268925738,28.118240807498196,413035,67.20441917034795,Normally Policed
450190050004,1614,300,1314,0,40657,,197,68,019,47.0,29.120198265179678,122.05700123915737,42.13135068153655,414649,67.46703113432423,Normally Policed
450190031061,5563,2430,2624,219,51719,,505,166,019,161.0,28.941218766852415,90.77835700161783,29.84001438072982,420212,68.37218005353118,Normally Policed
450190026123,971,633,338,9,45262,,125,48,019,28.0,28.836251287332647,128.73326467559218,49.43357363542739,421183,68.53017027473378,Normally Policed
450190020053,2858,2772,70,93,97679,,212,95,019,82.0,28.691392582225333,74.1777466759972,33.240027991602524,424041,68.99519195567812,Normally Policed
450150207201,2842,2518,80,73,98318,,199,71,015,81.0,28.501055594651657,70.02111189303308,24.98240675580577,426883,69.45761029621133,Normally Policed
450190026131,1350,1097,91,0,52083,,74,38,019,38.0,28.14814814814815,54.81481481481482,28.14814814814815,428233,69.67726714340337,Normally Policed
450190051002,818,771,31,9,92321,,51,28,019,23.0,28.117359413202934,62.34718826405868,34.229828850855746,429051,69.8103629219242,Normally Policed
450190020063,3002,2640,215,15,82236,,271,70,019,84.0,27.98134576948701,90.27315123251167,23.317788141239173,432053,70.29881466656904,Normally Policed
450190026133,760,759,0,29,98164,,98,21,019,21.0,27.63157894736842,128.94736842105263,27.63157894736842,432813,70.42247333609937,Normally Policed
450190036003,760,681,50,33,88917,,104,24,019,21.0,27.63157894736842,136.8421052631579,31.578947368421055,433573,70.54613200562973,Normally Policed
450190031143,2859,1904,853,76,59724,,206,77,019,77.0,26.93249387897866,72.0531654424624,26.93249387897866,436432,71.0113163953498,Normally Policed
450190011001,856,520,336,15,49250,,70,38,019,23.0,26.869158878504674,81.77570093457943,44.39252336448598,437288,71.15059510734712,Normally Policed
450150204041,2429,1606,697,156,78720,,170,60,015,65.0,26.759983532317825,69.9876492383697,24.70152326060107,439717,71.54581472351711,Normally Policed
450190006001,1182,1003,80,21,49375,,72,31,019,31.0,26.22673434856176,60.91370558375635,26.22673434856176,440899,71.73813649639193,Normally Policed
450190039001,813,483,289,62,56563,,71,24,019,21.0,25.830258302583026,87.33087330873309,29.520295202952028,441712,71.87041873103426,Normally Policed
450190039002,4535,1892,2424,338,48708,,316,109,019,117.0,25.799338478500548,69.68026460859977,24.035281146637267,446247,72.60830302882385,Normally Policed
450190020061,966,966,0,58,81827,,51,22,019,24.0,24.844720496894407,52.79503105590062,22.77432712215321,447213,72.76547970614796,Normally Policed
450190052001,1390,891,475,24,85688,,115,35,019,34.0,24.46043165467626,82.73381294964028,25.179856115107913,448603,72.99164490436792,Normally Policed
450190047014,1394,1124,111,132,69063,,69,39,019,34.0,24.390243902439025,49.49784791965567,27.977044476327116,449997,73.21846093769068,Normally Policed
450190050003,1027,589,436,0,50671,,87,47,019,25.0,24.342745861733203,84.71275559883155,45.76436222005842,451024,73.38556285033233,Normally Policed
450190047015,1439,1326,0,0,111200,,59,19,019,35.0,24.322446143154966,41.00069492703266,13.20361362056984,452463,73.6197007785615,Normally Policed
450190019021,2264,1951,250,10,77043,,173,62,019,55.0,24.29328621908127,76.41342756183745,27.385159010600706,454727,73.98807344674135,Normally Policed
450190019022,2804,2154,418,57,63365,,163,58,019,68.0,24.251069900142657,58.13124108416548,20.684736091298145,457531,74.44430885379802,Normally Policed
450190007002,963,828,56,20,17708,,49,19,019,23.0,23.883696780893043,50.88265835929388,19.73001038421599,458494,74.60099740479504,Normally Policed
450190046141,3148,2541,494,82,109286,,228,74,019,75.0,23.824650571791615,72.42693773824651,23.506988564167727,461642,75.11320463069175,Normally Policed
450190056001,2068,1905,0,78,90224,,148,61,019,49.0,23.694390715667314,71.56673114119923,29.497098646034814,463710,75.44968637883484,Normally Policed
450150209041,1056,942,26,70,66250,,72,30,015,25.0,23.674242424242426,68.18181818181817,28.409090909090907,464766,75.62150684597174,Normally Policed
450150207241,2173,1528,319,206,56364,,112,50,015,50.0,23.00966405890474,51.54164749194662,23.00966405890474,466939,75.9750730155631,Normally Policed
450190046101,2743,2665,49,190,90759,,183,58,019,61.0,22.23842508202698,66.71527524608094,21.144732045205977,469682,76.42138318730221,Normally Policed
450190046074,1662,1129,64,53,36282,,93,40,019,36.0,21.660649819494584,55.95667870036101,24.067388688327316,471344,76.69180517251199,Normally Policed
450190030002,1259,1196,0,0,139167,,36,6,019,27.0,21.445591739475777,28.594122319301032,4.765687053216839,472603,76.89665552111553,Normally Policed
450150207223,656,608,23,0,124250,,36,12,015,14.0,21.34146341463415,54.8780487804878,18.29268292682927,473259,77.00339247797329,Normally Policed
450190046092,7384,6102,944,315,102675,,430,137,019,155.0,20.991332611050918,58.234019501625134,18.553629469122427,480643,78.20483407772598,Normally Policed
450190026062,1393,1274,73,43,104318,,59,16,019,29.0,20.8183776022972,42.354630294328786,11.48600143575018,482036,78.43148740227304,Normally Policed
450150207252,435,280,84,64,39135,,14,6,015,9.0,20.689655172413794,32.18390804597701,13.793103448275861,482471,78.5022657197016,Normally Policed
450150207111,9536,7177,1393,582,83538,,464,152,015,192.0,20.13422818791946,48.65771812080537,15.939597315436243,492007,80.05385660475598,Normally Policed
450190001002,672,672,0,63,127569,,28,8,019,13.0,19.345238095238095,41.666666666666664,11.904761904761903,492679,80.16319690202491,Normally Policed
450150206003,3106,1930,838,402,82236,,179,62,015,59.0,18.995492594977463,57.630392788151966,19.961365099806823,495785,80.66857035934233,Normally Policed
450190031151,2803,2264,428,113,47292,,136,62,019,49.0,17.481270067784518,48.51944345344274,22.11915804495184,498588,81.12464305762332,Normally Policed
450190001003,588,577,0,82,-666666666,,36,12,019,10.0,17.006802721088437,61.224489795918366,20.408163265306122,499176,81.22031581773363,Normally Policed
450190021051,1105,1095,10,2,115208,,25,8,019,18.0,16.289592760180998,22.62443438914027,7.239819004524887,500281,81.40010901487972,Normally Policed
450190023001,1670,1047,566,57,51111,,121,43,019,26.0,15.568862275449103,72.45508982035928,25.748502994011975,501951,81.67183267029507,Normally Policed
450190020052,2047,2041,0,15,95030,,72,36,019,31.0,15.14411333659013,35.17342452369321,17.586712261846603,503998,82.0048975341485,Normally Policed
450190020051,2123,1765,85,65,110179,,75,30,019,32.0,15.073009891662743,35.32736693358455,14.13094677343382,506121,82.35032826495498,Normally Policed
450190026124,1202,239,963,35,53173,,71,31,019,18.0,14.975041597337771,59.06821963394343,25.790349417637273,507323,82.54590421334375,Normally Policed
450190057001,1611,1278,305,0,67784,,47,18,019,24.0,14.8975791433892,29.174425822470514,11.1731843575419,508934,82.80802805099293,Normally Policed
450190049011,768,768,0,20,137250,,28,13,019,11.0,14.322916666666666,36.458333333333336,16.927083333333332,509702,82.93298839072885,Normally Policed
450150204031,6788,6308,272,167,119250,,198,62,015,97.0,14.289923394225104,29.169121979964643,9.133765468473777,516490,84.03745556016564,Normally Policed
450190016001,772,573,173,11,125385,,44,16,019,11.0,14.248704663212436,56.994818652849744,20.72538860103627,517262,84.16306673500435,Normally Policed
450150208121,7288,5777,732,372,98429,,252,80,015,103.0,14.132821075740944,34.577387486278816,10.976948408342482,524550,85.34888829229004,Normally Policed
450190005001,711,658,53,31,82703,,15,9,019,10.0,14.064697609001406,21.09704641350211,12.658227848101266,525261,85.4645742318112,Normally Policed
450190046121,2226,2100,36,0,93856,,71,40,019,31.0,13.926325247079964,31.89577717879605,17.969451931716083,527487,85.82676396651453,Normally Policed
450190020072,2118,2051,0,75,117794,,59,20,019,29.0,13.692162417374883,27.856468366383382,9.442870632672332,529605,86.17138115344251,Normally Policed
450190026122,743,601,142,0,111375,,17,6,019,10.0,13.458950201884253,22.88021534320323,8.075370121130552,530348,86.292273773786,Normally Policed
450190049023,819,792,0,27,107778,,16,8,019,11.0,13.431013431013431,19.536019536019538,9.768009768009769,531167,86.42553226108251,Normally Policed
450190057002,3133,2628,330,47,92528,,107,43,019,42.0,13.405681455473985,34.152569422278965,13.724864347270985,534300,86.93529885534377,Normally Policed
450190004002,1965,1577,259,53,38056,,48,24,019,25.0,12.72264631043257,24.427480916030532,12.213740458015266,536265,87.25502159958998,Normally Policed
450190026061,894,860,34,4,89792,,28,7,019,11.0,12.304250559284117,31.319910514541387,7.829977628635347,537159,87.40048324506382,Normally Policed
450150209043,1077,375,595,100,60900,,58,28,015,13.0,12.070566388115136,53.85329619312906,25.99814298978644,538236,87.57572059649037,Normally Policed
450190046081,10396,9665,653,558,127174,,286,102,019,123.0,11.831473643709119,27.510580992689498,9.81146594844171,548632,89.26724102864489,Normally Policed
450190046083,2267,2197,70,0,129360,,59,28,019,26.0,11.468901632112924,26.025584472871635,12.35112483458315,550899,89.63610182315183,Normally Policed
450190057004,1420,1134,196,83,66534,,39,19,019,15.0,10.56338028169014,27.464788732394368,13.380281690140844,552319,89.86714828464272,Normally Policed
450190046142,4567,4391,97,70,93558,,96,41,019,46.0,10.072257499452595,21.020363477118458,8.977446901686008,556886,90.61023926325467,Normally Policed
450190057003,2717,2556,107,9,114459,,67,36,019,26.0,9.569377990430622,24.65955097534045,13.249907986750092,559603,91.05231900682563,Normally Policed
450190030003,527,525,2,0,76042,,17,8,019,5.0,9.487666034155597,32.25806451612903,15.180265654648956,560130,91.13806653161838,Normally Policed
450190049021,427,369,8,17,129063,,9,4,019,4.0,9.36768149882904,21.07728337236534,9.36768149882904,560557,91.20754317884135,Normally Policed
450190030001,1828,1798,0,31,94797,,49,25,019,17.0,9.299781181619256,26.805251641137858,13.676148796498905,562385,91.50497482081697,Normally Policed
450190047011,1718,1414,304,0,-666666666,,37,19,019,15.0,8.731082654249127,21.536670547147846,11.059371362048894,564103,91.78450849746581,Normally Policed
450190046122,1291,1000,0,20,102891,,21,5,019,11.0,8.520526723470178,16.266460108443066,3.8729666924864445,565394,91.99456552689169,Normally Policed
450190046084,9077,8521,172,165,118784,,171,83,019,75.0,8.262641842018288,18.838823399801697,9.143990305166906,574471,93.47147308390078,Normally Policed
450190020071,1521,1471,7,34,122813,,40,19,019,12.0,7.889546351084813,26.298487836949377,12.491781722550954,575992,93.71895313173717,Normally Policed
450190046082,5160,5049,0,0,145526,,147,54,019,40.0,7.751937984496124,28.48837209302326,10.465116279069766,581152,94.5585304143379,Normally Policed
450190005002,1078,1070,8,21,80536,,19,7,019,8.0,7.421150278293135,17.625231910946194,6.493506493506494,582230,94.73393047454014,Normally Policed
450150204032,1242,1203,0,32,161181,,24,10,015,9.0,7.246376811594203,19.32367149758454,8.051529790660224,583472,94.93601477395683,Normally Policed
450190052002,3504,2892,412,185,82000,,52,27,019,25.0,7.134703196347032,14.840182648401825,7.705479452054794,586976,95.50614632400199,Normally Policed
450190046131,1754,1546,132,0,178021,,22,15,019,12.0,6.841505131128849,12.542759407069555,8.55188141391106,588730,95.79153751657596,Normally Policed
450190046062,3811,3697,25,184,152262,,61,32,019,25.0,6.559958016268696,16.006297559695618,8.39674626082393,592541,96.41162066076033,Normally Policed
450190046072,931,908,0,0,115735,,12,10,019,6.0,6.44468313641246,12.88936627282492,10.741138560687434,593472,96.56310253093501,Normally Policed
450150204042,2645,2490,70,252,110139,,53,25,015,16.0,6.049149338374291,20.037807183364837,9.45179584120983,596117,96.99346724265573,Normally Policed
450190035003,1021,945,45,24,96842,,38,16,019,6.0,5.8765915768854065,37.218413320274244,15.670910871694417,597138,97.1595929026432,Normally Policed
450190048001,1259,1230,5,17,153500,,19,8,019,7.0,5.559968228752979,15.091342335186656,6.354249404289118,598397,97.36444325124675,Normally Policed
450190049012,1082,967,0,9,106382,,9,6,019,6.0,5.545286506469501,8.317929759704251,5.545286506469501,599479,97.5404941465518,Normally Policed
450190021052,737,714,0,0,105250,,10,8,019,4.0,5.427408412483039,13.568521031207599,10.854816824966077,600216,97.66041051424108,Normally Policed
450190046085,2612,2199,262,35,127941,,60,24,019,14.0,5.359877488514548,22.97090352220521,9.188361408882084,602828,98.08540583636378,Normally Policed
450190046073,2175,2151,12,11,115192,,34,20,019,11.0,5.057471264367816,15.632183908045976,9.195402298850574,605003,98.43929742350653,Normally Policed
450190032001,1649,1191,232,140,51705,,25,10,019,8.0,4.851425106124925,15.160703456640388,6.064281382656155,606652,98.70760419463224,Normally Policed
450190048002,944,914,0,11,115417,,9,9,019,4.0,4.237288135593221,9.533898305084746,9.533898305084746,607596,98.86120127889097,Normally Policed
450150207251,473,439,28,37,54750,,5,4,015,2.0,4.2283298097251585,10.570824524312897,8.456659619450317,608069,98.93816252979605,Normally Policed
450190028022,1447,1406,26,36,100700,,36,10,019,6.0,4.14651002073255,24.879060124395302,6.910850034554251,609516,99.17360212823078,Normally Policed
450190026043,555,512,0,0,100625,,8,5,019,2.0,3.6036036036036037,14.414414414414415,9.00900900900901,610071,99.26390549874307,Normally Policed
450190049022,1264,1190,0,8,125469,,23,10,019,4.0,3.1645569620253164,18.196202531645568,7.9113924050632916,611335,99.46956939122512,Normally Policed
450190002002,678,657,15,0,150000,,2,2,019,2.0,2.949852507374631,2.949852507374631,2.949852507374631,612013,99.57988594114823,Normally Policed
450150207242,1448,1185,81,169,-666666666,,10,4,015,3.0,2.071823204419889,6.906077348066298,2.7624309392265194,613461,99.81548824835868,Normally Policed
450190021042,1134,1116,0,18,214306,,2,2,019,0.0,0.0,1.763668430335097,1.763668430335097,614595,100.0,Normally Policed
